<?xml version="1.0" encoding="UTF-8"?>

<!DOCTYPE struts-config PUBLIC
          "-//Apache Software Foundation//DTD Struts Configuration 1.3//EN"
          "http://struts.apache.org/dtds/struts-config_1_3.dtd">

<struts-config>

    <form-beans>
    
   		<form-bean name="register" type="org.apache.struts.validator.DynaValidatorForm">
   			<form-property name="username" type="java.lang.String"/>
   			<form-property name="password" type="java.lang.String"/>
   			<form-property name="name" type="java.lang.String"/>
   			<form-property name="age" type="java.lang.String"/>
   			<form-property name="email" type="java.lang.String"/>
   		</form-bean>
   		
   		<form-bean name="login" type="org.apache.struts.validator.DynaValidatorForm">
   			<form-property name="username" type="java.lang.String"/>
   			<form-property name="password" type="java.lang.String"/>
   		</form-bean>
   		
   		<form-bean name="home" type="org.apache.struts.validator.DynaValidatorForm">
   			<form-property name="amount" type="java.lang.String"/>
   		</form-bean>
   		
   		
    </form-beans>


    <action-mappings>
   
        <action
            path="/pages/dog"
            type="net.mv.action.RegisterAction"
            name="register"
			input="/pages/register.jsp"            
            validate="true">
            <forward name="mapToLogin" path="/pages/login.jsp"></forward>
            <forward name="mapToRegister" path="/pages/register.jsp"></forward>
    	</action>
    	
    	<action
            path="/pages/cat"
            type="net.mv.action.LoginAction"
            name="login"
			input="/pages/login.jsp"            
            validate="true">
            <forward name="mapToHome" path="/pages/home.jsp"></forward>
            <forward name="mapToLogin" path="/pages/login.jsp"></forward>
    	
    	</action>
    	
    	<action
            path="/pages/home"
            type="net.mv.action.HomeAction"
            name="home"
			input="/pages/home.jsp"            
            validate="true">
            <forward name="mapToHome" path="/pages/home.jsp"></forward>
            <forward name="mapToLogout" path="/pages/logout.jsp"></forward>
         </action>
         
         
    	
    	
    </action-mappings>


<!-- ======================================== Message Resources Definitions -->
    <message-resources parameter="MessageResources" />



<!--    =================================================== Validator plugin  -->

  <plug-in className="org.apache.struts.validator.ValidatorPlugIn">
    <set-property
        property="pathnames"
        value="/WEB-INF/config/validator-rules.xml,/WEB-INF/config/validation.xml"/>
  </plug-in>

</struts-config>